PC1,PC2,Prediction,TruePositive,FalsePositive,TrueNegative,FalseNegative
-1.4076228699492368,0.29136761331916333,0,0,0,0,1
-1.1099886607878253,-0.645066203493522,0,0,0,0,1
-0.6633586659152084,0.3357173247093769,0,0,0,0,1
-1.9118592296713097,1.965046327774867,0,0,0,0,1
-0.7089215599593597,-0.6955431611829425,0,0,0,0,1
-1.2982634077976756,0.49806921815436217,0,0,0,0,1
0.3782667635179496,-0.15649675688226022,0,0,0,0,1
-0.8593942422044764,0.19431659457431705,0,0,0,0,1
-1.5773518565358629,0.6708052636720612,0,0,0,0,1
-1.4825522731322411,-0.15161289584781507,0,0,0,0,1
-0.9893010653396047,0.16437821598892313,0,0,0,0,1
0.23246432967888514,-0.7668385616321576,0,0,0,0,1
-0.8866521953380205,-0.3567396510051632,0,0,0,0,1
-1.3528258221259597,-2.0184855053828605,0,0,0,0,1
-0.48286923445026336,0.5912547167122872,0,0,0,0,1
-1.0223023887619629,-1.095774958976178,0,0,0,0,1
-0.21371386516438198,-0.5174360695558735,0,0,0,0,1
-0.7944594789393571,0.18535451430989316,0,0,0,0,1
-0.5245352550284264,-0.8865701941761427,0,0,0,0,1
-1.5463570487548823,0.2939140387021704,0,0,0,0,1
-0.3776211931898581,0.6810428750037064,0,0,0,0,1
-1.2416444811142224,1.3456593262505303,0,0,0,0,1
-0.5363265248313298,-0.23578970180142908,0,0,0,0,1
0.3255725700430519,-0.24164821213680254,0,0,0,0,1
-1.268903217662506,1.2129512269753115,0,0,0,0,1
-0.16043163840342423,-0.7416185185694029,0,0,0,0,1
-1.0139543251520604,-1.2238395786992367,0,0,0,0,1
-0.8571765034841279,-0.07214920828789213,0,0,0,0,1
-1.346236999123323,0.5606105189797135,0,0,0,0,1
-0.9530319908942397,-0.342149620464134,0,0,0,0,1
-1.016201945400994,-0.960781249491315,0,0,0,0,1
-1.9036012621094869,2.9091861057644652,0,0,0,0,1
-1.0429124121033664,0.9003518353953478,0,0,0,0,1
-1.5408956615337466,0.16802639000157626,0,0,0,0,1
0.3833035184715959,-0.9185198817469279,0,0,0,0,1
-0.20965909113528355,-0.5234910380683877,0,0,0,0,1
-0.1939147111458185,-1.2354809091152488,0,0,0,0,1
-1.0391099083014135,1.1187062748183776,0,0,0,0,1
0.7894108071189531,0.2962732993478476,0,0,0,0,1
-0.4040202960587628,-0.6252732258044089,0,0,0,0,1
-1.4173352037300857,0.4572362536492764,0,0,0,0,1
-1.7253406306444228,1.1760570690264656,0,0,0,0,1
-0.7325568442078658,-0.760101175960975,0,0,0,0,1
0.30782128998211894,-0.6734649289897578,0,0,0,0,1
-0.18450618093297966,-0.508791380442623,0,0,0,0,1
-1.0799758781336144,-1.0834828676758388,0,0,0,0,1
-0.46017019400136416,-2.013912877848972,0,0,0,0,1
-2.216081088935406,2.366240589965955,0,0,0,0,1
0.1804402619394691,0.706534132812909,0,0,0,0,1
-0.4035591014953474,0.480086852617892,0,0,0,0,1
-0.9450014822700226,-0.8989301217384923,0,0,0,0,1
-0.011901321493574608,-1.8543199957847816,0,0,0,0,1
0.12425484640366737,-0.08800809848888153,0,0,0,0,1
0.27998761720110543,-1.2996969298996728,0,0,0,0,1
-0.8018866481940843,-1.9049244164372239,0,0,0,0,1
-0.35363849937379327,-0.9520751378409745,0,0,0,0,1
-0.9428680014019615,-0.7510531716197693,0,0,0,0,1
-1.5395152704186466,0.4754832552787684,0,0,0,0,1
-1.0294543051475085,0.3872493933329265,0,0,0,0,1
-0.050607557290451494,0.0980311122361226,0,0,0,0,1
-1.50369839209861,2.128446134944877,0,0,0,0,1
0.5579414073089334,-0.31105743148578247,0,0,0,0,1
-1.9601422497936132,2.609986549836129,0,0,0,0,1
-1.1598051058910266,1.4893108942855682,0,0,0,0,1
0.49642616861774314,-0.7746038958151181,0,0,0,0,1
-0.052945354417835884,-1.4152003009322516,0,0,0,0,1
-1.4266318302481154,-0.11328341991946542,0,0,0,0,1
-0.12201320675221314,-1.133631505347015,0,0,0,0,1
-1.1399515874264514,-0.1998584349990979,0,0,0,0,1
-0.4748121575563151,-0.10932554332637431,0,0,0,0,1
-0.773299026005004,-1.5191577282087307,0,0,0,0,1
-2.388569211025401,5.177329205242317,0,0,0,0,1
-0.1462803662808323,-1.3369903382386559,0,0,0,0,1
-0.6075382582769591,-2.252106144463581,0,0,0,0,1
-0.2567517194488622,-1.286716509621821,0,0,0,0,1
0.1433868174506207,-1.5179881464875549,0,0,0,0,1
-1.2100865810949128,0.5720365273093537,0,0,0,0,1
-1.0479659487648305,1.0907053019072903,0,0,0,0,1
-0.9170378472517348,-0.11855612959012374,0,0,0,0,1
-0.39461215081046996,-1.336702942409277,0,0,0,0,1
-0.39002157872834947,-1.8703015635749467,0,0,0,0,1
-0.25646854448235284,-0.37957209406274145,0,0,0,0,1
-0.4677539015894552,-0.6901203172327381,0,0,0,0,1
0.24525784677390955,-0.24378499317313554,0,0,0,0,1
-0.2767890557368852,-1.7527985970127955,0,0,0,0,1
-0.21286321138757197,-0.026843123919311703,0,0,0,0,1
-0.6574355472980091,-0.1831631511874513,0,0,0,0,1
1.0035987225159364,0.19790434219568798,0,0,0,0,1
-1.5963156160570766,0.30565387676830275,0,0,0,0,1
-1.1147884789130493,-2.24225742199665,0,0,0,0,1
-1.193668799566229,-0.617050494168131,0,0,0,0,1
-0.221620854543028,0.14924837950043204,0,0,0,0,1
-1.0078611205242072,-0.935929238864798,0,0,0,0,1
-0.34274685658209064,-1.3150869740437388,0,0,0,0,1
-2.1232848873521704,2.630545567416356,0,0,0,0,1
-0.4762931789067609,0.09124553381404993,0,0,0,0,1
-1.3393183331867102,1.8931110521656458,0,0,0,0,1
0.6662025850083019,0.18189634832380672,0,0,0,0,1
0.7301940954972272,-0.15824667546508406,0,0,0,0,1
-0.8026256287985323,0.352056014467894,0,0,0,0,1
-0.472656882953598,-0.6966881853179722,0,0,0,0,1
-0.10554788767436653,0.286675828360842,0,0,0,0,1
-0.504082424424155,-0.1727559793708304,0,0,0,0,1
-0.5699515713327243,-2.558930074922249,0,0,0,0,1
-1.7345151549675608,2.121156084148882,0,0,0,0,1
-1.556388110523484,1.8376708899210974,0,0,0,0,1
0.9763763987883844,0.05267491468451371,0,0,0,0,1
-1.9294670764187678,4.6943110619384,0,0,0,0,1
-1.2059237681331982,2.2745052547340077,0,0,0,0,1
-0.7164724783558007,-1.9072521575127908,0,0,0,0,1
-0.9786426189884507,-1.754464466387419,0,0,0,0,1
-0.8142108064835266,0.1798509901339908,0,0,0,0,1
-1.8474184500616175,1.6952382542892899,0,0,0,0,1
-0.7965531897828947,1.1663673618980104,0,0,0,0,1
-1.7307672004999006,1.8887165967370845,0,0,0,0,1
0.7186182661718682,-0.4935310941087653,0,0,0,0,1
-0.47194280623524176,-0.9405603204997143,0,0,0,0,1
-0.48823289889871313,-1.0154658840129118,0,0,0,0,1
-0.031931335912265,0.5398929535828146,0,0,0,0,1
-1.2721412675911383,-1.3492386536401317,0,0,0,0,1
-1.588589249894172,1.5033224005070513,0,0,0,0,1
-0.6734357092173806,-0.6179675357681917,0,0,0,0,1
-1.8889601070781945,1.062625424832934,0,0,0,0,1
-1.9101063567431078,1.0286292531547105,0,0,0,0,1
-0.7220851030819044,-1.0808013221844843,0,0,0,0,1
-1.14640133228421,-0.3542923486036924,0,0,0,0,1
-0.5611994341429228,-0.23210847384000724,0,0,0,0,1
-1.265685907088124,1.8460051895823282,0,0,0,0,1
-1.340868848615107,-0.8266653851901602,0,0,0,0,1
-0.17021722758242502,-0.21561989886754787,0,0,0,0,1
-1.4516399926015726,1.8001845235092515,0,0,0,0,1
-0.24017115246051518,2.3154426763852713,0,0,0,0,1
0.901241100111933,0.38422171546197714,0,0,0,0,1
-0.21808471095106907,-1.593377239774046,0,0,0,0,1
-0.4485232165775045,-0.36277452922361547,0,0,0,0,1
-1.880312325382236,2.958048352874431,0,0,0,0,1
-1.276469829388194,-1.2640822027784646,0,0,0,0,1
0.9930931939782272,0.4521736235678415,0,0,0,0,1
0.04710371910824082,0.45814008086603714,0,0,0,0,1
0.5108223935378637,-0.21008066890833738,0,0,0,0,1
-0.583696361360009,0.9740212405493459,0,0,0,0,1
-0.3745404739896459,-0.8989932507419166,0,0,0,0,1
-1.0992626391844589,-1.0413786021027134,0,0,0,0,1
-0.7140115436415531,-1.9271850599472602,0,0,0,0,1
-1.1517105896750393,0.46972863150674843,0,0,0,0,1
-1.176628236014499,-0.7012835757181217,0,0,0,0,1
-2.302431770871556,4.140703934920155,0,0,0,0,1
0.6448090651178201,-0.13238795152371302,0,0,0,0,1
-1.4096638833267083,0.18508432494272123,0,0,0,0,1
-0.6922824249930932,-0.7473623635607334,0,0,0,0,1
-0.7712425968443006,-0.07369325136776646,0,0,0,0,1
0.36223781095271795,0.5037403242063192,0,0,0,0,1
-0.851642858408941,-1.1771931756923455,0,0,0,0,1
-0.9627667785867577,-0.7483673368254238,0,0,0,0,1
-1.2468895253638284,0.5055028650756326,0,0,0,0,1
-1.4375504404420323,0.9141991489399364,0,0,0,0,1
-1.4384987592872118,-0.9351284731351469,0,0,0,0,1
-0.5637612585525433,-0.35971699401504487,0,0,0,0,1
-1.0417113473279627,-0.027433977174847742,0,0,0,0,1
-0.9726261757888756,0.9370356826994357,0,0,0,0,1
-1.613990452289446,-0.9536101899126318,0,0,0,0,1
-1.8445004302803993,0.12834497646559298,0,0,0,0,1
-1.920552173238418,2.4451586201047575,0,0,0,0,1
-0.9687270344689743,-0.6666589820950218,0,0,0,0,1
-1.1629511070146696,0.8730737123518232,0,0,0,0,1
-1.0127605225713097,0.4760652300435146,0,0,0,0,1
-1.1200196221449226,-0.15212597435083824,0,0,0,0,1
-0.6030369767625607,-1.272838051500758,0,0,0,0,1
-0.06819883845301622,-0.8659223742297266,0,0,0,0,1
-0.7803549419004044,-0.5736417573599268,0,0,0,0,1
-1.3161796576781375,-0.9685224068227016,0,0,0,0,1
-1.8588963008168997,0.2545561342072857,0,0,0,0,1
-0.5683219277387399,-0.4714130180823044,0,0,0,0,1
-0.348551157055885,-1.3530472310560377,0,0,0,0,1
-1.6036294361744075,0.7540499376916189,0,0,0,0,1
-2.0654887090856224,0.5247835623927275,0,0,0,0,1
-1.7569755973744885,2.234444654846765,0,0,0,0,1
-1.0198944679753634,-0.9417538681353153,0,0,0,0,1
-0.3005369964768018,-0.24391203557449187,0,0,0,0,1
-1.165165606058054,-1.4169563164388979,0,0,0,0,1
-1.0724518182463605,0.06695349217208521,0,0,0,0,1
-0.035103495380526026,-1.393583018559971,0,0,0,0,1
-1.7523132148698621,-0.15105383224274022,0,0,0,0,1
-1.6242789203564438,0.3919976914768373,0,0,0,0,1
-0.9331266184765895,0.8429854006806802,0,0,0,0,1
-0.17255178197678397,-0.9604967338934508,0,0,0,0,1
-0.28166965521204534,-1.3502911138285008,0,0,0,0,1
0.5288698228085256,-0.5265553899472303,0,0,0,0,1
-0.024109315030549805,0.25016904019945807,0,0,0,0,1
-0.5693674767685185,-0.4055577396479933,0,0,0,0,1
-0.47223331289539566,-0.02712106016084048,0,0,0,0,1
-0.34255083611836246,0.6163969053468892,0,0,0,0,1
0.1127822785599925,0.06258204116663009,0,0,0,0,1
-1.3167281704061002,0.19578284373206847,0,0,0,0,1
-1.0708119842629262,0.5873078029777584,0,0,0,0,1
-0.48263102025522053,-0.4565495311633485,0,0,0,0,1
-0.9219561292362239,-1.8025078517506665,0,0,0,0,1
0.5800642793442333,-0.9938099614765024,0,0,0,0,1
-0.7624590656697564,0.4691427044909707,0,0,0,0,1
-2.2641527875378817,4.135151698080224,0,0,0,0,1
-1.4240553343846492,0.33101597557709594,0,0,0,0,1
-0.38887225889576826,-0.9721416040565353,0,0,0,0,1
-0.061670125002684706,-0.2254994454806829,0,0,0,0,1
-1.0930441623156417,-0.3076636158688219,0,0,0,0,1
-0.5550452694714477,-1.9658544092404477,0,0,0,0,1
-0.9597754437088485,-0.1990032512716826,0,0,0,0,1
-0.8656398693553673,-2.4800537644772707,0,0,0,0,1
-0.976012233261198,-0.08108186705252844,0,0,0,0,1
-1.4684079060815776,2.2681266512343834,0,0,0,0,1
-0.032096613227646814,-0.7454227228129461,0,0,0,0,1
-0.2804304150333676,-1.4414474101066141,0,0,0,0,1
-1.7004857546730527,1.108496380611324,0,0,0,0,1
-1.0844488093992726,0.9338637776681419,0,0,0,0,1
-1.679528609797274,3.3327079242472806,0,0,0,0,1
-1.0525216808721376,0.7676344468578025,0,0,0,0,1
-1.2132353912040048,-1.7996538434262035,0,0,0,0,1
-0.3378353653984212,0.9239086225718898,0,0,0,0,1
0.14219260246149487,-1.3530918479229717,0,0,0,0,1
-0.6463871743089796,-0.12828598061963942,0,0,0,0,1
-0.12238176864182906,-0.8262504496789015,0,0,0,0,1
-0.31667088355519946,-0.6308921613564131,0,0,0,0,1
-1.7532158892830831,0.29767087311951235,0,0,0,0,1
-1.8574062086901109,-0.16563009010869986,0,0,0,0,1
-1.5674125340148133,0.9694206336489081,0,0,0,0,1
-0.5033234111978416,-0.9207340267136966,0,0,0,0,1
-0.9287498651433613,-1.2773069880041075,0,0,0,0,1
0.041688002981485776,-0.4382813131221965,0,0,0,0,1
-0.9554349546472028,0.10344945121315677,0,0,0,0,1
-0.7958395974575948,-1.1889452721649303,0,0,0,0,1
-0.26009129707351286,-0.694483718723442,0,0,0,0,1
-1.6093189563093635,-0.35814153009442495,0,0,0,0,1
-0.8741244548450939,-0.5085498378362419,0,0,0,0,1
-1.3361189429683582,0.08561791560078623,0,0,0,0,1
-0.6555731749684262,-0.4676927511982313,0,0,0,0,1
-1.9124833036633713,2.546994646644356,0,0,0,0,1
-1.261583854329592,2.172437349562375,0,0,0,0,1
-1.3579065109422133,-0.3384712643599139,0,0,0,0,1
-1.0609821290623653,-1.27132367301105,0,0,0,0,1
-0.4918434337553836,-0.09685357528047736,0,0,0,0,1
-1.4380270308765537,0.6322050740096219,0,0,0,0,1
-0.6526280842404454,-1.7359598711539916,0,0,0,0,1
0.47301466148991694,-0.29369399451149375,0,0,0,0,1
-1.399463651903791,1.3230271002041483,0,0,0,0,1
-0.7954289096712776,-0.2547294896380398,0,0,0,0,1
-1.1287898792414903,0.21234998431638183,0,0,0,0,1
-0.07229694018453088,0.18135102548748613,0,0,0,0,1
-1.3477414996889976,0.967259841622489,0,0,0,0,1
-0.3155479063501248,-0.7737914682140562,0,0,0,0,1
-0.36519835884161433,-1.5759973156027163,0,0,0,0,1
0.3709988558267417,-0.4997024473910949,0,0,0,0,1
-0.17207510655357228,-1.4301042996962403,0,0,0,0,1
-0.835435944543926,-0.6563898848974422,0,0,0,0,1
-0.9615808496795386,-0.4501297863035346,0,0,0,0,1
-0.5300599122441576,-0.534659738831442,0,0,0,0,1
-1.3399676393713282,0.5462611408997878,0,0,0,0,1
-1.1476347310957669,-1.2754176010673262,0,0,0,0,1
-0.2124784323124756,-0.0911371850450057,0,0,0,0,1
-0.9915081009751443,-1.332699763876724,0,0,0,0,1
-0.9691211374719313,-0.5990068939711208,0,0,0,0,1
-0.439673993532336,0.7234959407806458,0,0,0,0,1
-0.7239457808590203,-0.006708992243374021,0,0,0,0,1
-0.6399299230082666,-1.493564599188675,0,0,0,0,1
-0.9707801665862538,-0.4127985901472122,0,0,0,0,1
-1.5829347645441072,-1.2633569429448555,0,0,0,0,1
-0.07302429852013964,-1.7205504976308594,0,0,0,0,1
0.9309696752516232,0.14221299132202847,0,0,0,0,1
-1.197865466162307,-0.9443973536710624,0,0,0,0,1
-0.9410959613759784,-0.14005192854513138,0,0,0,0,1
-1.8306257024226316,2.314412445021097,0,0,0,0,1
0.5564353261337224,-0.09136592783688824,0,0,0,0,1
-1.1873348290341041,1.4594411654134938,0,0,0,0,1
-0.5074533586340926,-0.6377552441322643,0,0,0,0,1
-0.42655693728318744,-0.852129787825756,0,0,0,0,1
-1.5527376598758076,0.371601021143857,0,0,0,0,1
-0.988944887760947,-0.11669585531390522,0,0,0,0,1
-0.961600611809982,-0.22657416093485536,0,0,0,0,1
-1.0172553571453158,-0.8836715179661649,0,0,0,0,1
0.5499482165763411,-0.0279945200458927,0,0,0,0,1
-0.013746535521293157,-0.9662759182013531,0,0,0,0,1
-0.4423793659044421,-0.42968857831639173,0,0,0,0,1
-0.6221635595545405,-0.7995595587319021,0,0,0,0,1
-0.9511013736352047,-0.9891770951832649,0,0,0,0,1
-0.629980606403536,-0.35964018302495054,0,0,0,0,1
0.5764049454858284,0.4788458819831778,0,0,0,0,1
-0.15380449124785014,-0.2778747700331809,0,0,0,0,1
-0.5700852939225671,-0.8606348601570557,0,0,0,0,1
-0.5427173424089767,-1.2095171691269724,0,0,0,0,1
-1.288471516090641,0.6414096594857163,0,0,0,0,1
-0.6633367271334029,0.5632282888407375,0,0,0,0,1
-0.3414912161791864,-1.2770944433119444,0,0,0,0,1
1.0963280776337365,0.20771987613041465,0,0,0,0,1
-0.10360275068794225,0.2866328624166487,0,0,0,0,1
0.31359840538285566,-0.7562401745523251,0,0,0,0,1
0.09644581511384373,-0.7122110070130444,0,0,0,0,1
-2.245609630291543,4.848178808159831,0,0,0,0,1
-0.2745762883935243,-0.19351413086364366,0,0,0,0,1
-1.2631663323074878,-0.31639777452144047,0,0,0,0,1
-1.2572926720995201,-1.1225875178943348,0,0,0,0,1
-0.9583765349740977,-1.6847135346151425,0,0,0,0,1
-1.3719490061494786,-0.2658528524076447,0,0,0,0,1
-0.03969694284740085,-0.27897344046141215,0,0,0,0,1
-0.15241914456709824,-1.873153772899035,0,0,0,0,1
-0.6145919269211965,-1.1122781830582709,0,0,0,0,1
-0.9725250962443521,-1.4031291305081506,0,0,0,0,1
0.008237133782365371,-2.0644882014096977,0,0,0,0,1
-1.6856248506891631,1.0844836508444515,0,0,0,0,1
-1.401657404772215,0.6566451638783861,0,0,0,0,1
-0.34091501618261366,-0.8563876817341527,0,0,0,0,1
-0.8265823324651868,0.9263652466319634,0,0,0,0,1
-1.569510863085224,-1.1665579769638268,0,0,0,0,1
-1.2001236394392738,1.5692024562408644,0,0,0,0,1
-1.0583850903432348,0.30014575225389606,0,0,0,0,1
-0.4227315079872826,-1.892836032917335,0,0,0,0,1
-0.1619278794880057,-0.13204717198676139,0,0,0,0,1
-1.2053169044326792,0.87815361392222,0,0,0,0,1
-0.7282813838727693,-0.4844982469512713,0,0,0,0,1
0.16141284816702123,-1.0138276228652539,0,0,0,0,1
-1.6267949287740013,1.8014375531904883,0,0,0,0,1
-0.1886510730005911,-0.4160364514595168,0,0,0,0,1
-1.5750771119398799,-0.3553792205083532,0,0,0,0,1
-0.6378073440494589,-0.07258011953663036,0,0,0,0,1
-0.3813803349136391,-1.311415228868794,0,0,0,0,1
-0.933127749175522,-1.1541418579871963,0,0,0,0,1
-0.755191640281895,-1.2216925458167789,0,0,0,0,1
-1.1839056795064993,-1.077299309459922,0,0,0,0,1
0.20579525653895092,0.4046037755716475,0,0,0,0,1
-0.9418145546455253,0.2579226075444444,0,0,0,0,1
-1.6347979231019252,0.9280448236704166,0,0,0,0,1
-1.1076835689586302,1.5442990160631405,0,0,0,0,1
0.1262174423187528,-1.0578131653873275,0,0,0,0,1
-0.1356001843677014,-1.3372244535204316,0,0,0,0,1
-0.762232569943525,0.03996668477960342,0,0,0,0,1
-0.28234912391271744,-0.8876327579395024,0,0,0,0,1
-0.47719939700356945,0.4357217034259393,0,0,0,0,1
-1.9941480554880542,1.0070296125051494,0,0,0,0,1
-0.09810935229044895,0.9298004662429552,0,0,0,0,1
-0.7043384206700464,-1.3893035125788822,0,0,0,0,1
0.3808592834284434,0.24296160321392654,0,0,0,0,1
0.18128475670341632,-0.17086681517672228,0,0,0,0,1
-1.7592628107043757,0.22608169194145827,0,0,0,0,1
-0.8717591087360123,-0.570207885073239,0,0,0,0,1
-2.523357144377721,3.8117979872452707,0,0,0,0,1
-1.0099540060455405,-0.37441785333200145,0,0,0,0,1
-0.14124587715260234,-0.966720880014602,0,0,0,0,1
-0.7683593444527755,0.15717148107880619,0,0,0,0,1
-0.5841072053865018,-1.4387289342910718,0,0,0,0,1
-0.847636043249998,0.2692069552493073,0,0,0,0,1
-0.49950049224395004,1.180279223842969,0,0,0,0,1
-0.16016354009077105,-0.2725447999204213,0,0,0,0,1
0.10481211946981543,0.022192478893787945,0,0,0,0,1
0.7168676726954096,-0.17234686052048584,0,0,0,0,1
-0.843205027554378,-0.040600843377208866,0,0,0,0,1
0.19634678374356537,-0.8736451342137661,0,0,0,0,1
0.1472570105203045,-0.6475857251583593,0,0,0,0,1
-0.8315192473753715,-1.668652986158187,0,0,0,0,1
-1.0911427270151135,0.2854611918979899,0,0,0,0,1
-0.2099207235036019,-1.8373152202297844,0,0,0,0,1
0.04648341386336461,-0.9128172909716334,0,0,0,0,1
-1.2064685951949965,2.463479469678495,0,0,0,0,1
-2.2968439615418217,3.764680225189171,0,0,0,0,1
-0.5997190030523262,-0.6486712962731198,0,0,0,0,1
-0.8168665872722402,-1.3063495572166806,0,0,0,0,1
-0.33096905947516364,-1.2501944599276218,0,0,0,0,1
-0.37507344379377794,-0.6335753677927648,0,0,0,0,1
-0.5752968941232944,-1.1385182633799757,0,0,0,0,1
-0.33472360986319827,-0.5741528922589585,0,0,0,0,1
-1.094244775389959,2.102842459920468,0,0,0,0,1
-1.7356954374916875,0.866775400701836,0,0,0,0,1
-0.7787335104955476,-1.5672490626214113,0,0,0,0,1
-0.8494574275102188,-1.4205335748841916,0,0,0,0,1
-0.29858735859474245,-1.088615292191589,0,0,0,0,1
-1.5527546110722037,-0.6176844982692622,0,0,0,0,1
-0.41462520615665505,-1.0336531845838286,0,0,0,0,1
-1.0551251111693498,-0.25735313187368664,0,0,0,0,1
0.9623974048117181,0.20073071925563574,0,0,0,0,1
-1.735849494867987,1.188289724139044,0,0,0,0,1
-0.38965953508661655,-2.4797556314445965,0,0,0,0,1
-1.547755843039385,1.434395036966455,0,0,0,0,1
-0.8959969756046189,1.51143471302737,0,0,0,0,1
-1.1129078911833117,0.40075031309491566,0,0,0,0,1
-0.491683803321847,-0.9300472446905993,0,0,0,0,1
0.41501170127902004,-0.8873603891468523,0,0,0,0,1
-1.9620806717994423,3.087440155753342,0,0,0,0,1
-1.0323552442255648,-1.2268268336549364,0,0,0,0,1
-0.2406104885831577,-1.3765069567554813,0,0,0,0,1
-0.8470502090761929,0.24962655543878498,0,0,0,0,1
0.21163865009849142,-0.42722788417561003,0,0,0,0,1
0.6164270782537885,0.2813535185180742,0,0,0,0,1
-1.444699099685598,1.3536825303269815,0,0,0,0,1
-0.5623440304438251,-1.6184263634737939,0,0,0,0,1
0.5049775764686807,0.19923002610117665,0,0,0,0,1
-0.49512574656058933,-1.939688376018694,0,0,0,0,1
-0.7278839477466023,-1.0827681822215973,0,0,0,0,1
1.1832630177552002,0.4705346076373141,0,0,0,0,1
-0.03905453813901888,-0.26890616699254405,0,0,0,0,1
-1.6143902179193093,0.998834556964547,0,0,0,0,1
-0.24847764179231338,-1.132551034435992,0,0,0,0,1
-0.6709794052477873,-0.44540593609576246,0,0,0,0,1
1.0199985490400039,0.47465582556913427,0,0,0,0,1
0.03429145583151066,-1.2652497053965286,0,0,0,0,1
0.6713300063606579,-0.12535520470554423,0,0,0,0,1
-0.7491124635742261,1.1339241016199693,0,0,0,0,1
0.5713068901633501,-0.7817033435714343,0,0,0,0,1
-0.6855613560236578,-0.7099581897424665,0,0,0,0,1
-0.5697509686036334,1.8785447912758424,0,0,0,0,1
-1.831318751689344,1.4013530574613866,0,0,0,0,1
-0.8462035741681457,-0.09607177662278513,0,0,0,0,1
-1.1065195654306526,-0.6075461223787607,0,0,0,0,1
-0.23329072301863168,0.02802768929877697,0,0,0,0,1
-1.2501573774594814,0.45207649387996807,0,0,0,0,1
-0.24718343344593371,-0.3810788633627305,0,0,0,0,1
-0.8665744944911314,-2.0285342826156807,0,0,0,0,1
0.9605914590504967,0.5634318906512463,0,0,0,0,1
-0.4384684758647361,-1.5760729184989164,0,0,0,0,1
-0.03943050038476557,-0.6876900510204866,0,0,0,0,1
-0.9956043799279263,-0.45434744758200907,0,0,0,0,1
-0.22934322285964429,-0.9156035969629466,0,0,0,0,1
-0.9334818415698295,1.2843094904060501,0,0,0,0,1
-1.3958717313204279,-0.2407140952552893,0,0,0,0,1
-0.4965611624473141,-0.9286594970529803,0,0,0,0,1
0.06109250134521091,-0.82577123357785,0,0,0,0,1
-0.057628935538173234,-0.7773562176738953,0,0,0,0,1
-0.6739787645250467,0.013226044173072932,0,0,0,0,1
-0.8501304231436612,-0.5713324298569988,0,0,0,0,1
-0.22039939316741405,-1.4647528251883302,0,0,0,0,1
-1.4989072960672813,0.8302705618329436,0,0,0,0,1
-1.2438436218382012,3.2768226010159562,0,0,0,0,1
-1.4603520492478497,2.038431932139916,0,0,0,0,1
-2.080096390944077,2.6893157642087377,0,0,0,0,1
-0.8381235143921887,0.9790342663070281,0,0,0,0,1
-0.46429098916511174,-1.502021497631927,0,0,0,0,1
-1.0772967245558904,0.9717149161169267,0,0,0,0,1
-1.7566888456769347,1.3177918735441856,0,0,0,0,1
-0.9569146131112177,-1.1161398203229111,0,0,0,0,1
0.21568194976849833,-0.3134019892038328,0,0,0,0,1
-0.042980860770219204,-0.9485748320648502,0,0,0,0,1
-1.1048032887605517,0.012619683640141755,0,0,0,0,1
-0.8840365150785569,-1.2187184592197817,0,0,0,0,1
-1.7942648285476286,3.402731879514067,0,0,0,0,1
0.4537603327595409,0.05258737800063235,0,0,0,0,1
0.29060383794398753,-1.43162216899927,0,0,0,0,1
-0.8843531737975958,-0.7217117985025945,0,0,0,0,1
-0.16559709916882526,-0.7365255799214648,0,0,0,0,1
-0.22186627670368006,0.45738215652221614,0,0,0,0,1
-2.19467267801407,2.515041836855794,0,0,0,0,1
-0.4104790786102879,-1.2969285691631738,0,0,0,0,1
-0.9129097165823834,-1.1783810978277405,0,0,0,0,1
-0.780477514688204,-0.5452843220827228,0,0,0,0,1
0.510498717689279,-0.23664356996217,0,0,0,0,1
-0.8915154000631605,-0.6201722674067829,0,0,0,0,1
-0.37327034511670704,0.5165339503972692,0,0,0,0,1
-1.400842775094503,-0.3542541893079003,0,0,0,0,1
-0.1925819297390828,-1.3159149633802618,0,0,0,0,1
0.4668757308782225,0.44332874601534433,0,0,0,0,1
-0.5600164330540007,-0.4515145549394599,0,0,0,0,1
-1.9545762703540708,2.2368827483158378,0,0,0,0,1
0.623637109225912,-0.30776456481580333,0,0,0,0,1
-0.6647487034883915,-0.404389168904281,0,0,0,0,1
0.16284684471236352,-0.7436714589989059,0,0,0,0,1
0.23486077227027383,0.24456521570391773,0,0,0,0,1
-1.2806954109925377,-0.03364724665581615,0,0,0,0,1
-1.4168844995180925,1.0426677535879683,0,0,0,0,1
-0.6083500129869687,1.0107219277330304,0,0,0,0,1
0.04205277264704219,-0.16920383001280306,0,0,0,0,1
-0.5804140035437388,-0.7591910108769765,0,0,0,0,1
-1.6927963925576879,-0.1205343867092293,0,0,0,0,1
-1.956808903610438,3.78722907565975,0,0,0,0,1
-0.2434106949756367,-1.3722465911468553,0,0,0,0,1
-0.27121726122466044,-0.431977661471352,0,0,0,0,1
-0.24039254860475948,0.012674965827468914,0,0,0,0,1
-0.5354516901171961,-0.8009074065250453,0,0,0,0,1
0.7008975588532875,0.0627976110041548,0,0,0,0,1
-0.6923290160795668,0.7461520425461965,0,0,0,0,1
-0.2070998609769631,-1.1933046760585448,0,0,0,0,1
-2.115630565220808,1.6979223504547325,0,0,0,0,1
-1.4015687578643863,-0.8599092498227365,0,0,0,0,1
-0.732875123146174,0.2019663485576157,0,0,0,0,1
0.05132878825732505,-0.9942766141161469,0,0,0,0,1
-1.102164528694137,-1.2711207162525116,0,0,0,0,1
-0.47038325701933603,-0.7251411037003989,0,0,0,0,1
-1.1916791253248786,-0.9168660470496419,0,0,0,0,1
-0.3537882770393888,-1.7291499335112395,0,0,0,0,1
0.39038576770324973,-1.8388600923719842,0,0,0,0,1
-0.18421781380668287,-0.34708184758922966,0,0,0,0,1
-0.24924208232572725,-0.15845856002057201,0,0,0,0,1
-1.986990537690969,4.354795011759227,0,0,0,0,1
-1.1597839696508356,-1.3335983076833116,0,0,0,0,1
0.11120104400851945,0.3043282151370848,0,0,0,0,1
-1.2753052770788427,-0.0913554177936047,0,0,0,0,1
-0.19490769873374086,-0.42909041986606095,0,0,0,0,1
-1.2402436280606859,-0.21455963997864033,0,0,0,0,1
-0.4226281487741967,-0.9319935670049718,0,0,0,0,1
-0.688471636216857,-1.234372071857173,0,0,0,0,1
-0.23524337284635996,-1.7297901317473372,0,0,0,0,1
-0.42770981818464865,-1.8182292878179236,0,0,0,0,1
0.509235059854913,-0.3849145963044466,0,0,0,0,1
0.17736722133465824,-0.7440730447201312,0,0,0,0,1
-0.324540567660092,-2.5474538790277905,0,0,0,0,1
0.5310691146322878,0.0315660806751062,0,0,0,0,1
-1.5381267894724566,0.40727756810778404,0,0,0,0,1
-0.18885660198619456,-0.9797194648604931,0,0,0,0,1
0.07222978941479428,-0.280807067570193,0,0,0,0,1
0.1445741809165269,-0.515966032165961,0,0,0,0,1
-0.08323269900673784,-1.1818294556963154,0,0,0,0,1
-0.7028821421221216,-0.5593445787018618,0,0,0,0,1
-0.4677113362769945,-0.9044559820968724,0,0,0,0,1
-1.1020927318300757,-0.3246919498335401,0,0,0,0,1
-0.946690264667482,-1.6384093884397632,0,0,0,0,1
-0.8581266338098156,-0.17549962946677963,0,0,0,0,1
-1.4653913576186182,0.9431460584120297,0,0,0,0,1
-1.639952470701433,0.46554067475889865,0,0,0,0,1
-0.48237457461335986,0.24560900096960597,0,0,0,0,1
-1.8801653769395172,2.516048125857462,0,0,0,0,1
0.9278177116693929,0.2730742611563317,0,0,0,0,1
-0.5105949191668496,-0.36722616634033584,0,0,0,0,1
-0.4461605598123986,-1.9836709848849963,0,0,0,0,1
-0.6167944779425509,0.13608378309757907,0,0,0,0,1
-0.27961908205322994,-1.354544705863404,0,0,0,0,1
-0.069897006185987,-0.4997089802942955,0,0,0,1,0
0.9583470270200505,0.23269047962825629,0,0,0,1,0
-0.5649545079187636,-1.159273819813655,0,0,0,1,0
0.42808235525673316,-0.8364824252363816,0,0,0,1,0
-0.8446068026762952,0.4612327419594985,0,0,0,1,0
0.7524553925162368,-0.5180430622628283,0,0,0,1,0
1.1510579099428262,0.640344890937619,0,0,0,1,0
-0.45228151833661856,-0.013216477928642306,0,0,0,1,0
0.9963489750584686,0.355875497387133,0,0,0,1,0
1.1730842440517475,0.5256306775959194,0,0,0,1,0
1.1298086884784477,0.1301526097980454,0,0,0,1,0
-1.8352175986169594,1.8422237800026946,0,0,0,1,0
0.8336442196689963,0.01419426411355866,0,0,0,1,0
0.48641685824648817,-0.6339910248734753,0,0,0,1,0
0.2393950008268336,-0.2484316283718157,0,0,0,1,0
1.1816846611820455,0.23537338398976954,0,0,0,1,0
1.1620652353910053,0.5593136503556045,0,0,0,1,0
0.014120821811016624,-0.22614532019832886,0,0,0,1,0
-0.3348552497826792,2.7143025931767095,0,0,0,1,0
-0.5935203152622897,-1.7646950718786174,0,0,0,1,0
-0.4628428697064491,1.0038357990087903,0,0,0,1,0
-0.13808727059558515,-0.3821425528573451,0,0,0,1,0
-0.07110669668337478,-0.923171201031779,0,0,0,1,0
0.19484938275764002,0.7109548293790908,0,0,0,1,0
0.05767520836121264,-1.425973603195996,0,0,0,1,0
0.9013075770564383,-0.0028628146176177044,0,0,0,1,0
0.13577943865033834,-0.28130773934760206,0,0,0,1,0
0.4949214032614808,-0.9618780705385123,0,0,0,1,0
0.6524177846029973,-0.5691634356926678,0,0,0,1,0
-0.3871922361147913,-0.6606602440402817,0,0,0,1,0
0.2595853037256941,-1.5616346321111618,0,0,0,1,0
0.9409320368673051,0.5658811067794347,0,0,0,1,0
0.18417693580516098,-0.45724736884150924,0,0,0,1,0
-1.0888470878453955,-0.2562982930269883,0,0,0,1,0
0.0944219936906164,-0.3686058509390061,0,0,0,1,0
0.6946862073944308,-0.27209626786829955,0,0,0,1,0
1.2104201665399454,0.5157650478629998,0,0,0,1,0
1.1003736199669842,0.3225733707936158,0,0,0,1,0
0.887184499866118,0.743277235014667,0,0,0,1,0
0.828890992243894,-0.147059764298523,0,0,0,1,0
1.1584948568586486,0.2428040046206656,0,0,0,1,0
0.8274684658576206,-0.1982938041025052,0,0,0,1,0
-0.566860424484928,0.622112218493601,0,0,0,1,0
0.8226512121367584,0.03004624878701141,0,0,0,1,0
-0.05012132663927734,-0.771522990575375,0,0,0,1,0
1.2024564314884167,0.5434101544889729,0,0,0,1,0
-0.3406715815989655,-1.053570624788324,0,0,0,1,0
1.106956643390376,0.31408407233621105,0,0,0,1,0
0.6906295912624639,-0.38661919413875345,0,0,0,1,0
-1.3919599360247865,1.6631108382884863,0,0,0,1,0
-0.12054009169143388,-1.0317239228451722,0,0,0,1,0
1.215263386684678,0.4054818664855437,0,0,0,1,0
-0.046027642907525174,-1.2624054566568483,0,0,0,1,0
0.11289892775107221,-0.7686359703671617,0,0,0,1,0
0.164182853769115,-0.2606210551146847,0,0,0,1,0
-0.14924973916228693,-0.7217850402745284,0,0,0,1,0
0.07401717697535169,-0.37499244257708625,0,0,0,1,0
-0.8386172377022854,-0.7610925944411369,0,0,0,1,0
0.9890481354273485,0.7273032922833335,0,0,0,1,0
-0.20636797414995078,-0.6392224876772311,0,0,0,1,0
0.6150276006562372,-0.19928823800440082,0,0,0,1,0
0.7685701534144921,0.10499609394645414,0,0,0,1,0
-0.17070961060647966,0.5569997424234171,0,0,0,1,0
0.3905102849372005,-0.5683416842530332,0,0,0,1,0
1.196543869244866,0.6989891166190608,0,0,0,1,0
0.9092278761270086,0.33289825477712953,0,0,0,1,0
0.20917247267778047,-0.479125795542948,0,0,0,1,0
0.13532633129663366,-1.1142692878340517,0,0,0,1,0
-0.17211589059494656,0.6559547938021612,0,0,0,1,0
0.49399827176902494,-0.3680665150542695,0,0,0,1,0
0.8734819172788697,0.08823854054244101,0,0,0,1,0
0.9754873001471374,0.2544852499452375,0,0,0,1,0
-0.4437887439699773,-1.6503477084946228,0,0,0,1,0
0.8900571313854139,0.15032697813895968,0,0,0,1,0
0.5913995107544022,-0.12399026505873685,0,0,0,1,0
0.6551418500982319,0.3215505196405475,0,0,0,1,0
-0.12292588245181546,-0.7504306143730859,0,0,0,1,0
-0.04844221760550283,-0.32028679180426206,0,0,0,1,0
0.4999720703065254,-1.2779583776085195,0,0,0,1,0
-0.1353446158117773,-0.9049695631432199,0,0,0,1,0
1.1724747247020557,0.3315124579382747,0,0,0,1,0
0.7433877946102513,0.3848469859955694,0,0,0,1,0
0.9489804069925561,0.28969270778069867,0,0,0,1,0
1.1639605144172265,0.34733796002585865,0,0,0,1,0
-0.5193944153651985,-1.1187895724306216,0,0,0,1,0
-0.3130387726972129,-1.2008682596733788,0,0,0,1,0
1.1777682408983032,0.5061857883205393,0,0,0,1,0
0.8487273701279996,0.09736299989565637,0,0,0,1,0
-0.7038810534476099,-1.2332983322851774,0,0,0,1,0
1.0643414962661542,0.2726257499353272,0,0,0,1,0
-0.09870219233841679,-0.6965888174510926,0,0,0,1,0
0.16969145170418,-1.779591560284485,0,0,0,1,0
1.1360207193274865,0.08522174222482527,0,0,0,1,0
0.14819732609451494,-0.897954469753663,0,0,0,1,0
-0.3538280822490688,-0.3506512862738317,0,0,0,1,0
-0.5022025585684757,-1.3378293398401537,0,0,0,1,0
1.0760239540725425,0.41543382363755677,0,0,0,1,0
0.19309588468604458,-0.6449330434888266,0,0,0,1,0
0.1208255233706549,-1.0914408257983148,0,0,0,1,0
-0.3629668410792424,-0.7997707052017289,0,0,0,1,0
-0.9018878912785667,-0.2848678452531442,0,0,0,1,0
0.7437807706785091,0.2310613279194228,0,0,0,1,0
0.09137435977120202,-1.6911551692697955,0,0,0,1,0
0.3874017368362685,-0.4105647384883109,0,0,0,1,0
1.084415259459064,0.0614549541053072,0,0,0,1,0
0.7830268817275489,-0.260947056438831,0,0,0,1,0
0.2115755908410489,-0.14260403313597336,0,0,0,1,0
-0.1162656191710313,-0.1600871604388031,0,0,0,1,0
1.1096829833663575,0.6507008550792519,0,0,0,1,0
0.37324304055227386,1.0330828158898677,0,0,0,1,0
0.5432787076710633,0.007935848449805187,0,0,0,1,0
0.6735823936932801,0.3166777573166014,0,0,0,1,0
1.1266690676028153,0.4695230916355136,0,0,0,1,0
0.5452292820073041,0.4718832495678473,0,0,0,1,0
-1.1835547951722187,-1.6929002012853287,0,0,0,1,0
0.5121093595396444,-0.13793645281819583,0,0,0,1,0
-0.11742980917838339,-0.15827119322910466,0,0,0,1,0
0.36112717558877144,-1.072694602221573,0,0,0,1,0
-0.64847148125091,-0.4609773302386543,0,0,0,1,0
1.1524208783728662,0.4633410951087312,0,0,0,1,0
-0.599449940862631,-0.8522291721352434,0,0,0,1,0
0.6627587995057597,0.0019333788822515335,0,0,0,1,0
-0.8540178095239369,-1.670496378768428,0,0,0,1,0
1.0289914309071897,0.22910049210648584,0,0,0,1,0
0.9502660591755662,0.016456017082713433,0,0,0,1,0
1.0768528242384032,0.27882246001892874,0,0,0,1,0
1.0105562609427783,0.08444127972297084,0,0,0,1,0
-0.7080908273320483,0.6426782244514961,0,0,0,1,0
0.017811276126302355,-0.9883845190742523,0,0,0,1,0
0.837677601619333,0.5234959449110025,0,0,0,1,0
-0.21894144905207547,-0.9776833981523172,0,0,0,1,0
-1.0674368932572065,-0.677752051212591,0,0,0,1,0
0.012577079714439502,-0.10341309169209634,0,0,0,1,0
0.8126158318551503,-0.02691557123033402,0,0,0,1,0
0.3221672239461776,-1.3632997184500322,0,0,0,1,0
0.6346166453848949,-0.2379138728342329,0,0,0,1,0
0.46821193381161275,-0.6061169568348936,0,0,0,1,0
0.3911151532483486,-0.47694195636078474,0,0,0,1,0
-0.4315462206312559,-1.237297493035193,0,0,0,1,0
-0.45488957869734725,-0.17422578837506658,0,0,0,1,0
0.9953026248382302,0.5608803709790356,0,0,0,1,0
0.6039066117783033,-0.7395078480529858,0,0,0,1,0
1.1723771777540417,0.2807796530317973,0,0,0,1,0
0.2208212555732018,-1.2583273740335421,0,0,0,1,0
-1.5806537881635578,2.0382009293494328,0,0,0,1,0
0.1634906122234193,-0.7320248732040002,0,0,0,1,0
-0.03424724694996926,-1.0055416820647753,0,0,0,1,0
-0.30319017604576687,-1.499728725312756,0,0,0,1,0
-0.3966454780499872,-0.7383845596798495,0,0,0,1,0
1.1430405858656214,0.14331849975994515,0,0,0,1,0
0.9598640076930611,0.3045325642268542,0,0,0,1,0
0.8355138627874646,0.24508882653870484,0,0,0,1,0
0.8680706242434163,-0.10171399284762776,0,0,0,1,0
0.5570024041851661,-0.5348810830082306,0,0,0,1,0
0.222839169359081,-0.5457000522377693,0,0,0,1,0
-0.7374399920936997,1.4576957199173142,0,0,0,1,0
1.0867266203588057,0.30922605572975265,0,0,0,1,0
-0.1664676811091786,-1.5903658845541455,0,0,0,1,0
-0.022249552992286727,-0.999382922271798,0,0,0,1,0
0.7148664593763256,0.1276393011998369,0,0,0,1,0
0.8153456553377573,0.14519742130670063,0,0,0,1,0
-0.1842219280488457,-0.3786490875441527,0,0,0,1,0
-0.36480673812273207,-0.6469664070374964,0,0,0,1,0
0.4459336237600569,-0.9784887374775092,0,0,0,1,0
-0.13207781030156723,-1.2379998806531467,0,0,0,1,0
1.1661300257387333,0.43666829495191173,0,0,0,1,0
1.0869509208945736,0.42409554724946674,0,0,0,1,0
0.931970600288967,0.15292473680950264,0,0,0,1,0
1.1637731566254161,0.493024584569924,0,0,0,1,0
-0.0697592146750637,-0.7360788271438222,0,0,0,1,0
1.029681431201539,0.2920895943003062,0,0,0,1,0
0.11983250659876683,-0.937115846232122,0,0,0,1,0
0.1875291668863992,-0.39022790093912624,0,0,0,1,0
-0.38405740630722834,-1.1837188138927153,0,0,0,1,0
1.2158450241314314,0.4073687464461232,0,0,0,1,0
-0.6518632223357237,-0.005814003734391635,0,0,0,1,0
-0.18543244148362217,0.1038746555453745,0,0,0,1,0
1.0117499698325012,0.32327485351655183,0,0,0,1,0
1.0358319241637683,-0.051050803738575734,0,0,0,1,0
-0.5875627408945192,-1.2839943365144104,0,0,0,1,0
-0.0070814338915264246,-0.43071023312833745,0,0,0,1,0
1.178694204981504,0.49809815480354214,0,0,0,1,0
1.201660853317974,0.41379968408731826,0,0,0,1,0
-1.0529518466414203,-1.3993371059294724,0,0,0,1,0
0.09563541020591487,-0.7872389781101989,0,0,0,1,0
-0.6935065630227365,-1.124150093451994,0,0,0,1,0
1.1552011813994842,0.4793951283029499,0,0,0,1,0
1.102278890976684,0.14855407092792702,0,0,0,1,0
0.3343424200058967,0.6468259965637891,0,0,0,1,0
0.1653387526689049,-0.11549885147850243,0,0,0,1,0
0.5155908807708856,-1.2073059812819025,0,0,0,1,0
0.9553805161125012,0.1870741946499148,0,0,0,1,0
-0.2040892425880866,-1.2147400225592746,0,0,0,1,0
0.3359309230130007,-1.4025588920703964,0,0,0,1,0
0.09774641217362043,-1.1040824929106519,0,0,0,1,0
0.8863889503383618,0.45973778792914766,0,0,0,1,0
-0.5608018591872038,0.009775790801191309,0,0,0,1,0
0.8311839967583909,-0.10977709008765185,0,0,0,1,0
1.0360434574702717,0.2306490342945049,0,0,0,1,0
0.9325544594333439,-0.25912629324586584,0,0,0,1,0
0.36275164545975974,-1.1133421629001186,0,0,0,1,0
0.6287754098082734,-0.2395828498754637,0,0,0,1,0
0.11467570575407054,-1.7638861662737142,0,0,0,1,0
-0.03477550470893864,-0.4397641006004636,0,0,0,1,0
-0.2611349392776406,-0.19780682917031633,0,0,0,1,0
0.2645289456930003,-0.6258858379218818,0,0,0,1,0
1.0615766263893784,0.3359940195933313,0,0,0,1,0
-0.42894037730046913,0.2394708277652236,0,0,0,1,0
-0.8219824231371496,-0.7955005213246279,0,0,0,1,0
-0.2192725983244366,0.6947854820077969,0,0,0,1,0
0.4547060080380979,-0.49493073010994487,0,0,0,1,0
1.1753211439101765,0.47319396599030983,0,0,0,1,0
-0.248262222992099,-0.053431877563039486,0,0,0,1,0
0.294109333781494,-0.6645264417543922,0,0,0,1,0
-0.47202432755097384,-0.9526516209592939,0,0,0,1,0
0.9623443908989783,0.46874301344262453,0,0,0,1,0
-0.14670518533031798,-0.324378879911973,0,0,0,1,0
-0.49847851662960874,0.09700281282216498,0,0,0,1,0
0.4979259493232523,-0.7878281193381551,0,0,0,1,0
1.0539866443760457,0.4670234890492203,0,0,0,1,0
1.153538940888135,0.3324729761544844,0,0,0,1,0
1.0831735031888765,0.6110283190617078,0,0,0,1,0
1.1578804899753194,0.45839160678272284,0,0,0,1,0
-1.0517292420440307,-1.38404628765308,0,0,0,1,0
0.4881561771666902,0.8480750574711707,0,0,0,1,0
-0.1693142824316173,-0.45045545613223004,0,0,0,1,0
0.11028319144796724,0.14891025945864242,0,0,0,1,0
0.12898478804099653,-1.0448026321584822,0,0,0,1,0
0.8097021844571645,-0.12166590223391112,0,0,0,1,0
0.8928146055891402,0.20876403474555913,0,0,0,1,0
1.0443266511673788,0.47621943738024497,0,0,0,1,0
1.0300099046116635,0.43187949374926254,0,0,0,1,0
0.8285611184678132,-0.27227489872575233,0,0,0,1,0
0.7668957479385957,-0.6658249906041384,0,0,0,1,0
0.8400243428206949,-0.1624288848932941,0,0,0,1,0
-0.6506600444502167,0.06690650425839277,0,0,0,1,0
-0.45832534544748044,-0.8305822304967757,0,0,0,1,0
0.14475624996940206,0.4312603375543456,0,0,0,1,0
1.0622930118559226,-0.1880451400790769,0,0,0,1,0
1.125644493462945,0.13239948187752607,0,0,0,1,0
1.0935813778845138,0.34746495341255584,0,0,0,1,0
-0.07255735343972997,-1.150007933389133,0,0,0,1,0
0.28575406474063003,-0.9997624610896215,0,0,0,1,0
0.6971176764722795,0.7289307646999705,0,0,0,1,0
1.130125025217203,0.3741845344164259,0,0,0,1,0
-1.0104482278689597,-0.4611044582346313,0,0,0,1,0
1.031850577226565,0.057160523429565485,0,0,0,1,0
1.0411505552670515,0.45146390040478857,0,0,0,1,0
1.1711248725507526,0.33351918624421917,0,0,0,1,0
0.8740788794312877,0.15005887981484103,0,0,0,1,0
0.5161065437018877,-0.4811077575873221,0,0,0,1,0
-1.0306553428186989,0.12929656578781099,0,0,0,1,0
0.10712009591732422,-0.16298633839382257,0,0,0,1,0
0.4835675399531503,0.12369176105648098,0,0,0,1,0
1.096851290772387,0.3584579258871981,0,0,0,1,0
-0.3965833241362927,-2.3334403137917183,0,0,0,1,0
0.22827115249889973,-0.3691478915373896,0,0,0,1,0
1.1892835974839164,0.4050004466926855,0,0,0,1,0
0.7735277951136784,-0.2609413363392258,0,0,0,1,0
0.06300372781770498,-0.07404941476375128,0,0,0,1,0
0.8855062791366058,0.2691020011283842,0,0,0,1,0
1.2078941912729693,0.43885886657543954,0,0,0,1,0
-0.5779165549116746,0.08737666925906273,0,0,0,1,0
0.2967698013240576,-1.734635926481133,0,0,0,1,0
0.4041516431747311,-0.10609798496331148,0,0,0,1,0
0.4058090635628881,-0.48805976340447366,0,0,0,1,0
1.0932703391678027,0.462690340938235,0,0,0,1,0
1.2525142256302482,0.5371219061567584,1,0,1,0,0
1.2525142256302597,0.5371219061567678,1,0,1,0,0
1.2545255906167652,0.536954050642833,1,0,1,0,0
1.2531589303422785,0.534505208490804,1,0,1,0,0
1.2525142256302604,0.5371219061567538,1,0,1,0,0
1.2539971468921445,0.5391300349368651,1,0,1,0,0
1.2515333288326207,0.5342301203292789,1,0,1,0,0
1.2539971468921658,0.5391300349368715,1,0,1,0,0
1.2497511615107368,0.5492758622721149,1,0,1,0,0
1.2525142256302573,0.537121906156748,1,0,1,0,0
1.2531589303423172,0.5345052084908127,1,0,1,0,0
1.2539971468921658,0.5391300349368715,1,0,1,0,0
1.2539971468921658,0.5391300349368715,1,0,1,0,0
1.245762107936188,0.5577094590107678,1,0,1,0,0
1.2539971468921658,0.5391300349368715,1,0,1,0,0
1.2497511615107368,0.5492758622721149,1,0,1,0,0
1.2525142256302573,0.537121906156748,1,0,1,0,0
1.2531589303423172,0.5345052084908127,1,0,1,0,0
1.2528952482870175,0.5364076275386847,1,0,1,0,0
1.2497511615107368,0.5492758622721149,1,0,1,0,0
1.2525142256302573,0.537121906156748,1,0,1,0,0
1.2528952482870175,0.5364076275386847,1,0,1,0,0
1.2539971468921658,0.5391300349368715,1,0,1,0,0
1.2539971468921658,0.5391300349368715,1,0,1,0,0
1.2525142256302573,0.537121906156748,1,0,1,0,0
1.2525142256302573,0.537121906156748,1,0,1,0,0
1.2525142256302573,0.537121906156748,1,0,1,0,0
1.2539971468921658,0.5391300349368715,1,0,1,0,0
1.2539971468921658,0.5391300349368715,1,0,1,0,0
1.2525142256302573,0.537121906156748,1,0,1,0,0
1.2497511615107368,0.5492758622721149,1,0,1,0,0
1.2525142256302573,0.537121906156748,1,0,1,0,0
1.2525142256302573,0.537121906156748,1,0,1,0,0
1.2497511615107368,0.5492758622721149,1,0,1,0,0
1.2525142256302573,0.537121906156748,1,0,1,0,0
1.2531589303423172,0.5345052084908127,1,0,1,0,0
1.2497511615107368,0.5492758622721149,1,0,1,0,0
1.2531589303423172,0.5345052084908127,1,0,1,0,0
1.2525142256302573,0.537121906156748,1,0,1,0,0
1.2524362951781367,0.5359557205359925,1,0,1,0,0
1.2523462431548857,0.5391172205408483,1,0,1,0,0
1.2523462431548857,0.5391172205408483,1,0,1,0,0
1.2539971468921658,0.5391300349368715,1,0,1,0,0
1.2528952482870175,0.5364076275386848,1,0,1,0,0
1.2539971468921658,0.5391300349368715,1,0,1,0,0
1.2497511615107368,0.5492758622721149,1,0,1,0,0
1.2523462431548857,0.5391172205408483,1,0,1,0,0
1.2539971468921658,0.5391300349368715,1,0,1,0,0
1.2525142256302573,0.537121906156748,1,0,1,0,0
1.2497511615107368,0.5492758622721149,1,0,1,0,0
1.2539971468921658,0.5391300349368715,1,0,1,0,0
1.209331096003735,0.5154478258460806,1,0,1,0,0
1.2515333288326487,0.5342301203292849,1,0,1,0,0
1.2539971468921651,0.5391300349368713,1,0,1,0,0
1.2497511615107368,0.5492758622721149,1,0,1,0,0
1.2525142256302573,0.537121906156748,1,0,1,0,0
1.2525142256302573,0.537121906156748,1,0,1,0,0
1.2539971468921658,0.5391300349368715,1,0,1,0,0
1.1781381077190474,0.3790034945811504,1,0,1,0,0
1.2497511615107368,0.5492758622721149,1,0,1,0,0
1.2497511615107368,0.5492758622721149,1,0,1,0,0
1.2538808859047288,0.5395707483087676,1,0,1,0,0
1.2497511615107368,0.5492758622721149,1,0,1,0,0
1.2539971468921658,0.5391300349368715,1,0,1,0,0
1.2497511615107368,0.5492758622721149,1,0,1,0,0
1.2528952482870175,0.5364076275386848,1,0,1,0,0
1.2539971468921658,0.5391300349368715,1,0,1,0,0
1.2539971468921658,0.5391300349368715,1,0,1,0,0
1.2538808859047288,0.5395707483087676,1,0,1,0,0
1.2497511615107368,0.5492758622721149,1,0,1,0,0
1.2531589303423172,0.5345052084908127,1,0,1,0,0
1.2539971468921658,0.5391300349368715,1,0,1,0,0
1.2531589303423172,0.5345052084908127,1,0,1,0,0
1.2515333288326487,0.5342301203292849,1,0,1,0,0
1.2531589303423172,0.5345052084908127,1,0,1,0,0
1.2525142256302573,0.537121906156748,1,0,1,0,0
1.2525142256302573,0.537121906156748,1,0,1,0,0
1.255363807166638,0.5415788770888912,1,0,1,0,0
1.2531589303423172,0.5345052084908127,1,0,1,0,0
1.2497511615107368,0.5492758622721149,1,0,1,0,0
1.2178775403737616,0.41118044193638303,1,0,1,0,0
1.2531589303423172,0.5345052084908127,1,0,1,0,0
1.2525142256302573,0.537121906156748,1,0,1,0,0
1.2531589303423172,0.5345052084908127,1,0,1,0,0
1.2497511615107368,0.5492758622721149,1,0,1,0,0
1.2525142256302573,0.537121906156748,1,0,1,0,0
1.2065624933085426,0.4855519491412228,1,0,1,0,0
1.2525142256302573,0.537121906156748,1,0,1,0,0
1.2525142256302573,0.537121906156748,1,0,1,0,0
1.251117821785209,0.5517247044241345,1,0,1,0,0
1.2497511615107368,0.5492758622721149,1,0,1,0,0
1.255363807166638,0.5415788770888912,1,0,1,0,0
1.2497511615107368,0.5492758622721149,1,0,1,0,0
1.2497511615107368,0.5492758622721149,1,0,1,0,0
1.2497511615107368,0.5492758622721149,1,0,1,0,0
1.2525142256302573,0.537121906156748,1,0,1,0,0
1.2525142256302573,0.537121906156748,1,0,1,0,0
1.2525142256302573,0.537121906156748,1,0,1,0,0
1.2539971468921658,0.5391300349368715,1,0,1,0,0
1.2497511615107368,0.5492758622721149,1,0,1,0,0
1.2545255906167905,0.5369540506428333,1,0,1,0,0
1.2525142256302573,0.537121906156748,1,0,1,0,0
1.255363807166638,0.5415788770888912,1,0,1,0,0
1.2525142256302573,0.537121906156748,1,0,1,0,0
1.2539971468921658,0.5391300349368715,1,0,1,0,0
1.2525142256302573,0.537121906156748,1,0,1,0,0
1.2528952482870175,0.5364076275386848,1,0,1,0,0
1.2525142256302573,0.537121906156748,1,0,1,0,0
1.2524362951781367,0.5359557205359924,1,0,1,0,0
1.2531589303423172,0.5345052084908127,1,0,1,0,0
1.2525142256302573,0.537121906156748,1,0,1,0,0
1.2515333288326487,0.5342301203292849,1,0,1,0,0
1.2524362951781367,0.5359557205359924,1,0,1,0,0
1.2525142256302573,0.537121906156748,1,0,1,0,0
1.2539971468921658,0.5391300349368715,1,0,1,0,0
1.2497511615107368,0.5492758622721149,1,0,1,0,0
1.2497511615107368,0.5492758622721149,1,0,1,0,0
1.2525142256302573,0.537121906156748,1,0,1,0,0
1.2525142256302573,0.537121906156748,1,0,1,0,0
1.2525142256302573,0.537121906156748,1,0,1,0,0
1.2538808859047288,0.5395707483087676,1,0,1,0,0
1.2539971468921658,0.5391300349368715,1,0,1,0,0
1.2525142256302573,0.537121906156748,1,0,1,0,0
1.2525142256302573,0.537121906156748,1,0,1,0,0
1.2539971468921658,0.5391300349368715,1,0,1,0,0
1.2525142256302573,0.537121906156748,1,0,1,0,0
1.2497511615107368,0.5492758622721149,1,0,1,0,0
1.2497511615107368,0.5492758622721149,1,0,1,0,0
1.2497511615107368,0.5492758622721149,1,0,1,0,0
1.2525142256302573,0.537121906156748,1,0,1,0,0
1.251117821785209,0.5517247044241345,1,0,1,0,0
1.2497511615107368,0.5492758622721149,1,0,1,0,0
1.2525142256302573,0.537121906156748,1,0,1,0,0
1.2528952482870175,0.5364076275386848,1,0,1,0,0
1.2497511615107368,0.5492758622721149,1,0,1,0,0
1.2525142256302573,0.537121906156748,1,0,1,0,0
1.2525142256302573,0.537121906156748,1,0,1,0,0
1.152894680955344,0.39820648593950814,1,0,1,0,0
1.255363807166638,0.5415788770888912,1,0,1,0,0
1.2525142256302573,0.537121906156748,1,0,1,0,0
1.2525142256302573,0.537121906156748,1,0,1,0,0
1.2497511615107368,0.5492758622721149,1,0,1,0,0
1.2531589303423172,0.5345052084908127,1,0,1,0,0
1.2526620566982378,0.5368260748766027,1,0,1,0,0
1.2539971468921658,0.5391300349368715,1,0,1,0,0
1.2539971468921658,0.5391300349368715,1,0,1,0,0
1.2538808859047288,0.5395707483087676,1,0,1,0,0
1.2539971468921658,0.5391300349368715,1,0,1,0,0
1.2525142256302573,0.537121906156748,1,0,1,0,0
1.2525142256302573,0.537121906156748,1,0,1,0,0
1.2539971468921658,0.5391300349368715,1,0,1,0,0
1.2525142256302573,0.537121906156748,1,0,1,0,0
1.2497511615107368,0.5492758622721149,1,0,1,0,0
1.2525142256302573,0.537121906156748,1,0,1,0,0
1.2525142256302573,0.537121906156748,1,0,1,0,0
1.2523462431548857,0.5391172205408483,1,0,1,0,0
1.251117821785209,0.5517247044241345,1,0,1,0,0
1.2523462431548857,0.5391172205408483,1,0,1,0,0
1.2525142256302573,0.537121906156748,1,0,1,0,0
1.2525142256302573,0.537121906156748,1,0,1,0,0
1.255363807166638,0.5415788770888912,1,0,1,0,0
1.2525142256302573,0.537121906156748,1,0,1,0,0
1.2111142946311058,0.4108542970034984,1,0,1,0,0
1.2525142256302573,0.537121906156748,1,0,1,0,0
1.2525142256302573,0.537121906156748,1,0,1,0,0
1.2497511615107368,0.5492758622721149,1,0,1,0,0
1.2525142256302573,0.537121906156748,1,0,1,0,0
1.252514225630257,0.5371219061567479,1,0,1,0,0
1.2539971468921658,0.5391300349368715,1,0,1,0,0
1.2539971468921658,0.5391300349368715,1,0,1,0,0
1.2525142256302573,0.537121906156748,1,0,1,0,0
1.2539971468921658,0.5391300349368715,1,0,1,0,0
1.2539971468921658,0.5391300349368715,1,0,1,0,0
1.2525142256302573,0.537121906156748,1,0,1,0,0
1.2525142256302573,0.537121906156748,1,0,1,0,0
1.252899989107122,0.5366789624813059,1,0,1,0,0
1.2497511615107368,0.5492758622721149,1,0,1,0,0
1.2525142256302573,0.537121906156748,1,0,1,0,0
1.2525142256302573,0.537121906156748,1,0,1,0,0
1.2497511615107368,0.5492758622721149,1,0,1,0,0
1.2531589303423172,0.5345052084908127,1,0,1,0,0
1.2539971468921658,0.5391300349368715,1,0,1,0,0
1.2367616974712283,0.4515160609148773,1,0,1,0,0
1.2523462431548857,0.5391172205408483,1,0,1,0,0
1.2113109836280143,0.5419840745468413,1,0,1,0,0
1.2525142256302573,0.537121906156748,1,0,1,0,0
1.2515333288326487,0.5342301203292849,1,0,1,0,0
1.2539971468921658,0.5391300349368715,1,0,1,0,0
1.2497511615107368,0.5492758622721149,1,0,1,0,0
1.2525142256302573,0.537121906156748,1,0,1,0,0
1.2539971468921658,0.5391300349368715,1,0,1,0,0
1.2525142256302573,0.537121906156748,1,0,1,0,0
1.2497511615107368,0.5492758622721149,1,0,1,0,0
1.1772768784002419,0.36956581182289877,1,0,1,0,0
1.2528952482870175,0.5364076275386848,1,0,1,0,0
1.2515333288326487,0.5342301203292849,1,0,1,0,0
1.2539971468921658,0.5391300349368715,1,0,1,0,0
1.2531589303423172,0.5345052084908127,1,0,1,0,0
1.2497511615107368,0.5492758622721149,1,0,1,0,0
1.2525142256302573,0.537121906156748,1,0,1,0,0
1.2539971468921658,0.5391300349368715,1,0,1,0,0
1.2525142256302573,0.537121906156748,1,0,1,0,0
1.2515333288326487,0.5342301203292849,1,0,1,0,0
1.2538808859047288,0.5395707483087676,1,0,1,0,0
1.2515333288326487,0.5342301203292849,1,0,1,0,0
1.2497511615107368,0.5492758622721149,1,0,1,0,0
1.2525142256302573,0.537121906156748,1,0,1,0,0
1.2525142256302573,0.537121906156748,1,0,1,0,0
1.251117821785209,0.5517247044241345,1,0,1,0,0
1.2525142256302573,0.537121906156748,1,0,1,0,0
1.2497511615107368,0.5492758622721149,1,0,1,0,0
1.2176119401480983,0.5008161051730172,1,0,1,0,0
1.2497511615107364,0.5492758622721146,1,0,1,0,0
1.2539971468921651,0.5391300349368714,1,0,1,0,0
1.1863747984942403,0.40404751321897386,1,1,0,0,0
